DROP TABLE IF EXISTS supplier;
CREATE TABLE supplier(supplierName VARCHAR(40) NOT NULL UNIQUE, supplierCode VARCHAR(40) NOT NULL PRIMARY KEY, contactTel VARCHAR(40) NOT NULL, contactName VARCHAR(40) NOT NULL, address VARCHAR(40) NULL, note VARCHAR(40), createTime TIMESTAMP NOT NULL DEFAULT CURRENT_TIMESTAMP, createUser VARCHAR(40) NOT NULL, updateTime TIMESTAMP NOT NULL DEFAULT CURRENT_TIMESTAMP ON UPDATE CURRENT_TIMESTAMP, updateUser VARCHAR(40) NULL, state VARCHAR(40) NOT NULL)DEFAULT charset utf8mb4 COLLATE utf8mb4_general_ci;

INSERT INTO supplier(supplierName, supplierCode, contactTel, contactName, address, note, createUser, updateUser, state) VALUES ("老李智能","GYS_001","18900001111","李总","Sichuan.China","备注","曹青宇","","1");
INSERT INTO supplier(supplierName, supplierCode, contactTel, contactName, address, note, createUser, updateUser, state) VALUES ("老刘智能","GYS_002","18900001112","刘总","Jiangxi.China","备注","曹青宇","","1");
INSERT INTO supplier(supplierName, supplierCode, contactTel, contactName, address, note, createUser, updateUser, state) VALUES ("老付智能","GYS_003","18900001113","付总","Shandong.China","备注","曹青宇","","1");
INSERT INTO supplier(supplierName, supplierCode, contactTel, contactName, address, note, createUser, updateUser, state) VALUES ("老赵智能","GYS_004","18900001114","赵总","Anhui.China","备注","曹青宇","","1");
INSERT INTO supplier(supplierName, supplierCode, contactTel, contactName, address, note, createUser, updateUser, state) VALUES ("老曹智能","GYS_005","18900001115","曹总","Shanghai.China","备注","曹青宇","","1");

DROP TABLE IF EXISTS deviceType;
CREATE TABLE deviceType(deviceTypeName VARCHAR(40) NOT NULL UNIQUE, deviceTypeCode VARCHAR(40) NOT NULL PRIMARY KEY, deviceNote VARCHAR(40) NULL, createTime TIMESTAMP NOT NULL DEFAULT CURRENT_TIMESTAMP, createUser VARCHAR(40) NOT NULL, updateTime TIMESTAMP NOT NULL DEFAULT CURRENT_TIMESTAMP ON UPDATE CURRENT_TIMESTAMP, updateUser VARCHAR(40) NULL, state VARCHAR(40) NOT NULL)DEFAULT charset utf8mb4 COLLATE utf8mb4_general_ci;

INSERT INTO deviceType(deviceTypeName, deviceTypeCode, deviceNote, createUser, updateUser, state) VALUES ("智能路灯","SBLX_001","","曹青宇","","1");
INSERT INTO deviceType(deviceTypeName, deviceTypeCode, deviceNote, createUser, updateUser, state) VALUES ("智能燃气","SBLX_002","","曹青宇","","1");
INSERT INTO deviceType(deviceTypeName, deviceTypeCode, deviceNote, createUser, updateUser, state) VALUES ("智能井盖","SBLX_003","","曹青宇","","1");
INSERT INTO deviceType(deviceTypeName, deviceTypeCode, deviceNote, createUser, updateUser, state) VALUES ("智能电气","SBLX_004","","曹青宇","","1");
INSERT INTO deviceType(deviceTypeName, deviceTypeCode, deviceNote, createUser, updateUser, state) VALUES ("智能消防栓","SBLX_005","","曹青宇","","1");
INSERT INTO deviceType(deviceTypeName, deviceTypeCode, deviceNote, createUser, updateUser, state) VALUES ("智能烟感","SBLX_006","","曹青宇","","1");
INSERT INTO deviceType(deviceTypeName, deviceTypeCode, deviceNote, createUser, updateUser, state) VALUES ("智能光伏","SBLX_007","","曹青宇","","1");

DROP TABLE IF EXISTS deviceInfo;
CREATE TABLE deviceInfo(deviceSort VARCHAR(40) NOT NULL, deviceBrand VARCHAR(40) NOT NULL, deviceTypeName VARCHAR(40) NOT NULL, deviceModel VARCHAR(40) NULL, deviceNumber VARCHAR(40) NOT NULL PRIMARY KEY, installDate DATETIME NOT NULL, longitude VARCHAR(40) NOT NULL, latitude VARCHAR(40) NOT NULL, installAddress VARCHAR(40) NOT NULL, deviceStatus VARCHAR(40) NOT NULL, createTime TIMESTAMP NOT NULL DEFAULT CURRENT_TIMESTAMP, createUser VARCHAR(40) NOT NULL, updateTime TIMESTAMP NOT NULL DEFAULT CURRENT_TIMESTAMP ON UPDATE CURRENT_TIMESTAMP, updateUser VARCHAR(40) NULL, state VARCHAR(40) NOT NULL)DEFAULT charset utf8mb4 COLLATE utf8mb4_general_ci;

INSERT INTO deviceInfo(deviceSort, deviceBrand, deviceTypeName, deviceModel, deviceNumber, installDate, longitude, latitude, installAddress, deviceStatus, createUser, updateUser, state) VALUES ("非视频设备","老李智能","智能路灯","1.0","S_001","2019-01-01 00:00:00","121.510002","31.304081","Shanghai.China","异常","曹青宇","","1");
INSERT INTO deviceInfo(deviceSort, deviceBrand, deviceTypeName, deviceModel, deviceNumber, installDate, longitude, latitude, installAddress, deviceStatus, createUser, updateUser, state) VALUES ("非视频设备","老李智能","智能燃气","1.0","S_002","2019-01-01 00:00:00","121.509950","31.304524","Shanghai.China","异常","曹青宇","","1");
INSERT INTO deviceInfo(deviceSort, deviceBrand, deviceTypeName, deviceModel, deviceNumber, installDate, longitude, latitude, installAddress, deviceStatus, createUser, updateUser, state) VALUES ("非视频设备","老李智能","智能井盖","1.0","S_003","2019-01-01 00:00:00","121.510288","31.303912","Shanghai.China","正常","曹青宇","","1");
INSERT INTO deviceInfo(deviceSort, deviceBrand, deviceTypeName, deviceModel, deviceNumber, installDate, longitude, latitude, installAddress, deviceStatus, createUser, updateUser, state) VALUES ("视频设备","老李智能","智能电气","1.0","S_004","2019-01-01 00:00:00","121.510401","31.304824","Shanghai.China","正常","曹青宇","","1");
INSERT INTO deviceInfo(deviceSort, deviceBrand, deviceTypeName, deviceModel, deviceNumber, installDate, longitude, latitude, installAddress, deviceStatus, createUser, updateUser, state) VALUES ("视频设备","老李智能","智能消防栓","1.0","S_005","2019-01-01 00:00:00","121.511234","31.305234","Shanghai.China","正常","曹青宇","","1");
-- 分界
INSERT INTO deviceInfo(deviceSort, deviceBrand, deviceTypeName, deviceModel, deviceNumber, installDate, longitude, latitude, installAddress, deviceStatus, createUser, updateUser, state) VALUES ("非视频设备","老曹智能","智能路灯","1.0","S_006","2019-01-01 00:00:00","121.511890","31.305421","Shanghai.China","异常","曹青宇","","1");
INSERT INTO deviceInfo(deviceSort, deviceBrand, deviceTypeName, deviceModel, deviceNumber, installDate, longitude, latitude, installAddress, deviceStatus, createUser, updateUser, state) VALUES ("非视频设备","老赵智能","智能路灯","1.0","S_007","2019-01-01 00:00:00","121.509234","31.302464","Shanghai.China","异常","曹青宇","","1");
INSERT INTO deviceInfo(deviceSort, deviceBrand, deviceTypeName, deviceModel, deviceNumber, installDate, longitude, latitude, installAddress, deviceStatus, createUser, updateUser, state) VALUES ("非视频设备","老刘智能","智能路灯","1.0","S_008","2019-01-01 00:00:00","121.510823","31.303590","Shanghai.China","异常","曹青宇","","1");
INSERT INTO deviceInfo(deviceSort, deviceBrand, deviceTypeName, deviceModel, deviceNumber, installDate, longitude, latitude, installAddress, deviceStatus, createUser, updateUser, state) VALUES ("非视频设备","老付智能","智能路灯","1.0","S_009","2019-01-01 00:00:00","121.513434","31.301902","Shanghai.China","正常","曹青宇","","1");

INSERT INTO deviceInfo(deviceSort, deviceBrand, deviceTypeName, deviceModel, deviceNumber, installDate, longitude, latitude, installAddress, deviceStatus, createUser, updateUser, state) VALUES ("非视频设备","老曹智能","智能燃气","1.0","S_010","2019-01-01 00:00:00","121.508234","31.301245","Shanghai.China","正常","曹青宇","","1");
INSERT INTO deviceInfo(deviceSort, deviceBrand, deviceTypeName, deviceModel, deviceNumber, installDate, longitude, latitude, installAddress, deviceStatus, createUser, updateUser, state) VALUES ("非视频设备","老赵智能","智能燃气","1.0","S_011","2019-01-01 00:00:00","121.512032","31.307435","Shanghai.China","异常","曹青宇","","1");
INSERT INTO deviceInfo(deviceSort, deviceBrand, deviceTypeName, deviceModel, deviceNumber, installDate, longitude, latitude, installAddress, deviceStatus, createUser, updateUser, state) VALUES ("非视频设备","老刘智能","智能燃气","1.0","S_012","2019-01-01 00:00:00","121.508875","31.303521","Shanghai.China","异常","曹青宇","","1");
INSERT INTO deviceInfo(deviceSort, deviceBrand, deviceTypeName, deviceModel, deviceNumber, installDate, longitude, latitude, installAddress, deviceStatus, createUser, updateUser, state) VALUES ("非视频设备","老付智能","智能燃气","1.0","S_013","2019-01-01 00:00:00","121.502134","31.306542","Shanghai.China","正常","曹青宇","","1");

INSERT INTO deviceInfo(deviceSort, deviceBrand, deviceTypeName, deviceModel, deviceNumber, installDate, longitude, latitude, installAddress, deviceStatus, createUser, updateUser, state) VALUES ("非视频设备","老曹智能","智能井盖","1.0","S_014","2019-01-01 00:00:00","121.503243","31.303912","Shanghai.China","正常","曹青宇","","1");
INSERT INTO deviceInfo(deviceSort, deviceBrand, deviceTypeName, deviceModel, deviceNumber, installDate, longitude, latitude, installAddress, deviceStatus, createUser, updateUser, state) VALUES ("非视频设备","老赵智能","智能井盖","1.0","S_015","2019-01-01 00:00:00","121.513342","31.303242","Shanghai.China","正常","曹青宇","","1");
INSERT INTO deviceInfo(deviceSort, deviceBrand, deviceTypeName, deviceModel, deviceNumber, installDate, longitude, latitude, installAddress, deviceStatus, createUser, updateUser, state) VALUES ("非视频设备","老刘智能","智能井盖","1.0","S_016","2019-01-01 00:00:00","121.512453","31.303534","Shanghai.China","异常","曹青宇","","1");
INSERT INTO deviceInfo(deviceSort, deviceBrand, deviceTypeName, deviceModel, deviceNumber, installDate, longitude, latitude, installAddress, deviceStatus, createUser, updateUser, state) VALUES ("非视频设备","老付智能","智能井盖","1.0","S_017","2019-01-01 00:00:00","121.513564","31.303311","Shanghai.China","正常","曹青宇","","1");

INSERT INTO deviceInfo(deviceSort, deviceBrand, deviceTypeName, deviceModel, deviceNumber, installDate, longitude, latitude, installAddress, deviceStatus, createUser, updateUser, state) VALUES ("视频设备","老曹智能","智能电气","1.0","S_018","2019-01-01 00:00:00","121.512242","31.303232","Shanghai.China","异常","曹青宇","","1");
INSERT INTO deviceInfo(deviceSort, deviceBrand, deviceTypeName, deviceModel, deviceNumber, installDate, longitude, latitude, installAddress, deviceStatus, createUser, updateUser, state) VALUES ("视频设备","老赵智能","智能电气","1.0","S_019","2019-01-01 00:00:00","121.512341","31.303623","Shanghai.China","异常","曹青宇","","1");
INSERT INTO deviceInfo(deviceSort, deviceBrand, deviceTypeName, deviceModel, deviceNumber, installDate, longitude, latitude, installAddress, deviceStatus, createUser, updateUser, state) VALUES ("视频设备","老刘智能","智能电气","1.0","S_020","2019-01-01 00:00:00","121.514322","31.302435","Shanghai.China","异常","曹青宇","","1");
INSERT INTO deviceInfo(deviceSort, deviceBrand, deviceTypeName, deviceModel, deviceNumber, installDate, longitude, latitude, installAddress, deviceStatus, createUser, updateUser, state) VALUES ("视频设备","老付智能","智能电气","1.0","S_021","2019-01-01 00:00:00","121.513252","31.304824","Shanghai.China","正常","曹青宇","","1");

INSERT INTO deviceInfo(deviceSort, deviceBrand, deviceTypeName, deviceModel, deviceNumber, installDate, longitude, latitude, installAddress, deviceStatus, createUser, updateUser, state) VALUES ("视频设备","老曹智能","智能消防栓","1.0","S_022","2019-01-01 00:00:00","121.513243","31.304353","Shanghai.China","异常","曹青宇","","1");
INSERT INTO deviceInfo(deviceSort, deviceBrand, deviceTypeName, deviceModel, deviceNumber, installDate, longitude, latitude, installAddress, deviceStatus, createUser, updateUser, state) VALUES ("视频设备","老赵智能","智能消防栓","1.0","S_023","2019-01-01 00:00:00","121.514723","31.308732","Shanghai.China","异常","曹青宇","","1");
INSERT INTO deviceInfo(deviceSort, deviceBrand, deviceTypeName, deviceModel, deviceNumber, installDate, longitude, latitude, installAddress, deviceStatus, createUser, updateUser, state) VALUES ("视频设备","老刘智能","智能消防栓","1.0","S_024","2019-01-01 00:00:00","121.517686","31.303256","Shanghai.China","正常","曹青宇","","1");
INSERT INTO deviceInfo(deviceSort, deviceBrand, deviceTypeName, deviceModel, deviceNumber, installDate, longitude, latitude, installAddress, deviceStatus, createUser, updateUser, state) VALUES ("视频设备","老付智能","智能消防栓","1.0","S_025","2019-01-01 00:00:00","121.512532","31.305132","Shanghai.China","异常","曹青宇","","1");

INSERT INTO deviceInfo(deviceSort, deviceBrand, deviceTypeName, deviceModel, deviceNumber, installDate, longitude, latitude, installAddress, deviceStatus, createUser, updateUser, state) VALUES ("非视频设备","老曹智能","智能烟感","1.0","S_026","2019-01-01 00:00:00","121.516585","31.304564","Shanghai.China","异常","曹青宇","","1");
INSERT INTO deviceInfo(deviceSort, deviceBrand, deviceTypeName, deviceModel, deviceNumber, installDate, longitude, latitude, installAddress, deviceStatus, createUser, updateUser, state) VALUES ("非视频设备","老赵智能","智能烟感","1.0","S_027","2019-01-01 00:00:00","121.514987","31.304681","Shanghai.China","正常","曹青宇","","1");
INSERT INTO deviceInfo(deviceSort, deviceBrand, deviceTypeName, deviceModel, deviceNumber, installDate, longitude, latitude, installAddress, deviceStatus, createUser, updateUser, state) VALUES ("非视频设备","老刘智能","智能烟感","1.0","S_028","2019-01-01 00:00:00","121.515421","31.309532","Shanghai.China","正常","曹青宇","","1");
INSERT INTO deviceInfo(deviceSort, deviceBrand, deviceTypeName, deviceModel, deviceNumber, installDate, longitude, latitude, installAddress, deviceStatus, createUser, updateUser, state) VALUES ("非视频设备","老付智能","智能烟感","1.0","S_029","2019-01-01 00:00:00","121.518549","31.308797","Shanghai.China","正常","曹青宇","","1");
INSERT INTO deviceInfo(deviceSort, deviceBrand, deviceTypeName, deviceModel, deviceNumber, installDate, longitude, latitude, installAddress, deviceStatus, createUser, updateUser, state) VALUES ("非视频设备","老李智能","智能烟感","1.0","S_030","2019-01-01 00:00:00","121.517696","31.302314","Shanghai.China","异常","曹青宇","","1");

INSERT INTO deviceInfo(deviceSort, deviceBrand, deviceTypeName, deviceModel, deviceNumber, installDate, longitude, latitude, installAddress, deviceStatus, createUser, updateUser, state) VALUES ("非视频设备","老曹智能","智能光伏","1.0","S_031","2019-01-01 00:00:00","121.514529","31.302312","Shanghai.China","正常","曹青宇","","1");
INSERT INTO deviceInfo(deviceSort, deviceBrand, deviceTypeName, deviceModel, deviceNumber, installDate, longitude, latitude, installAddress, deviceStatus, createUser, updateUser, state) VALUES ("非视频设备","老赵智能","智能光伏","1.0","S_032","2019-01-01 00:00:00","121.519234","31.309374","Shanghai.China","正常","曹青宇","","1");
INSERT INTO deviceInfo(deviceSort, deviceBrand, deviceTypeName, deviceModel, deviceNumber, installDate, longitude, latitude, installAddress, deviceStatus, createUser, updateUser, state) VALUES ("非视频设备","老刘智能","智能光伏","1.0","S_033","2019-01-01 00:00:00","121.518367","31.304283","Shanghai.China","异常","曹青宇","","1");
INSERT INTO deviceInfo(deviceSort, deviceBrand, deviceTypeName, deviceModel, deviceNumber, installDate, longitude, latitude, installAddress, deviceStatus, createUser, updateUser, state) VALUES ("非视频设备","老付智能","智能光伏","1.0","S_034","2019-01-01 00:00:00","121.518648","31.303240","Shanghai.China","正常","曹青宇","","1");
INSERT INTO deviceInfo(deviceSort, deviceBrand, deviceTypeName, deviceModel, deviceNumber, installDate, longitude, latitude, installAddress, deviceStatus, createUser, updateUser, state) VALUES ("非视频设备","老李智能","智能光伏","1.0","S_035","2019-01-01 00:00:00","121.513248","31.309999","Shanghai.China","正常","曹青宇","","1");


DROP TABLE IF EXISTS alarm;
CREATE TABLE alarm(alarmName VARCHAR(40) NOT NULL UNIQUE, alarmCode VARCHAR(40) NOT NULL PRIMARY KEY, alarmLevel VARCHAR(40) NOT NULL, deviceTypeName VARCHAR(40) NOT NULL, alarmStatus VARCHAR(40) NOT NULL, ruleDescription VARCHAR(40) NOT NULL, createTime TIMESTAMP NOT NULL DEFAULT CURRENT_TIMESTAMP, createUser VARCHAR(40) NOT NULL, updateTime TIMESTAMP NOT NULL DEFAULT CURRENT_TIMESTAMP ON UPDATE CURRENT_TIMESTAMP, updateUser VARCHAR(40) NULL, state VARCHAR(40) NOT NULL)DEFAULT charset utf8mb4 COLLATE utf8mb4_general_ci;

INSERT INTO alarm(alarmName, alarmCode, alarmLevel, deviceTypeName, alarmStatus, ruleDescription, createUser, updateUser, state) VALUES ("Breakdown1","GJ_001","普通","智能路灯","开","规则说明","曹青宇","","1");
INSERT INTO alarm(alarmName, alarmCode, alarmLevel, deviceTypeName, alarmStatus, ruleDescription, createUser, updateUser, state) VALUES ("Exploring1","GJ_002","普通","智能路灯","开","规则说明","曹青宇","","1");
INSERT INTO alarm(alarmName, alarmCode, alarmLevel, deviceTypeName, alarmStatus, ruleDescription, createUser, updateUser, state) VALUES ("Breakdown2","GJ_003","普通","智能燃气","开","规则说明","曹青宇","","1");
INSERT INTO alarm(alarmName, alarmCode, alarmLevel, deviceTypeName, alarmStatus, ruleDescription, createUser, updateUser, state) VALUES ("NotExist1","GJ_004","普通","智能燃气","开","规则说明","曹青宇","","1");
INSERT INTO alarm(alarmName, alarmCode, alarmLevel, deviceTypeName, alarmStatus, ruleDescription, createUser, updateUser, state) VALUES ("Removing1","GJ_005","普通","智能井盖","开","规则说明","曹青宇","","1");
INSERT INTO alarm(alarmName, alarmCode, alarmLevel, deviceTypeName, alarmStatus, ruleDescription, createUser, updateUser, state) VALUES ("NotExist2","GJ_006","普通","智能井盖","开","规则说明","曹青宇","","1");
INSERT INTO alarm(alarmName, alarmCode, alarmLevel, deviceTypeName, alarmStatus, ruleDescription, createUser, updateUser, state) VALUES ("Removing2","GJ_007","重要","智能电气","开","规则说明","曹青宇","","1");
INSERT INTO alarm(alarmName, alarmCode, alarmLevel, deviceTypeName, alarmStatus, ruleDescription, createUser, updateUser, state) VALUES ("Breakdown3","GJ_008","普通","智能电气","开","规则说明","曹青宇","","1");
INSERT INTO alarm(alarmName, alarmCode, alarmLevel, deviceTypeName, alarmStatus, ruleDescription, createUser, updateUser, state) VALUES ("Maintaining1","GJ_009","普通","智能消防栓","开","规则说明","曹青宇","","1");
INSERT INTO alarm(alarmName, alarmCode, alarmLevel, deviceTypeName, alarmStatus, ruleDescription, createUser, updateUser, state) VALUES ("Exploring2","GJ_010","普通","智能消防栓","开","规则说明","曹青宇","","1");
INSERT INTO alarm(alarmName, alarmCode, alarmLevel, deviceTypeName, alarmStatus, ruleDescription, createUser, updateUser, state) VALUES ("Maintaining2","GJ_011","普通","智能烟感","开","规则说明","曹青宇","","1");
INSERT INTO alarm(alarmName, alarmCode, alarmLevel, deviceTypeName, alarmStatus, ruleDescription, createUser, updateUser, state) VALUES ("Removing3","GJ_012","普通","智能烟感","开","规则说明","曹青宇","","1");
INSERT INTO alarm(alarmName, alarmCode, alarmLevel, deviceTypeName, alarmStatus, ruleDescription, createUser, updateUser, state) VALUES ("Exploring3","GJ_013","普通","智能光伏","开","规则说明","曹青宇","","1");
INSERT INTO alarm(alarmName, alarmCode, alarmLevel, deviceTypeName, alarmStatus, ruleDescription, createUser, updateUser, state) VALUES ("Removing4","GJ_014","普通","智能烟感","开","规则说明","曹青宇","","1");

DROP TABLE IF EXISTS eventConfig;
CREATE TABLE eventConfig(eventName VARCHAR(40) NOT NULL, notificationDescription VARCHAR(40) NOT NULL, eventLevel VARCHAR(40) NOT NULL, deviceTypeName VARCHAR(40) NOT NULL, alarmName VARCHAR(40) NOT NULL, eventConfigId INT UNSIGNED AUTO_INCREMENT PRIMARY KEY, createTime TIMESTAMP NOT NULL DEFAULT CURRENT_TIMESTAMP, createUser VARCHAR(40) NOT NULL, updateTime TIMESTAMP NOT NULL DEFAULT CURRENT_TIMESTAMP ON UPDATE CURRENT_TIMESTAMP, updateUser VARCHAR(40) NULL, state VARCHAR(40) NOT NULL)DEFAULT charset utf8mb4 COLLATE utf8mb4_general_ci;

INSERT INTO eventConfig(eventName, notificationDescription, eventLevel, deviceTypeName, alarmName, createUser, updateUser, state) VALUES ("Event500","描述1","普通","智能路灯","Breakdown1","曹青宇","","1");
INSERT INTO eventConfig(eventName, notificationDescription, eventLevel, deviceTypeName, alarmName, createUser, updateUser, state) VALUES ("Event501","描述2","重要","智能路灯","Exploring1","曹青宇","","1");
INSERT INTO eventConfig(eventName, notificationDescription, eventLevel, deviceTypeName, alarmName, createUser, updateUser, state) VALUES ("Event502","描述3","普通","智能燃气","NotExist1","曹青宇","","1");
INSERT INTO eventConfig(eventName, notificationDescription, eventLevel, deviceTypeName, alarmName, createUser, updateUser, state) VALUES ("Event503","描述4","重要","智能燃气","Breakdown2","曹青宇","","1");
INSERT INTO eventConfig(eventName, notificationDescription, eventLevel, deviceTypeName, alarmName, createUser, updateUser, state) VALUES ("Event504","描述5","普通","智能井盖","Removing1","曹青宇","","1");
INSERT INTO eventConfig(eventName, notificationDescription, eventLevel, deviceTypeName, alarmName, createUser, updateUser, state) VALUES ("Event505","描述6","重要","智能井盖","NotExist2","曹青宇","","1");
INSERT INTO eventConfig(eventName, notificationDescription, eventLevel, deviceTypeName, alarmName, createUser, updateUser, state) VALUES ("Event506","描述7","普通","智能电气","Removing2","曹青宇","","1");
INSERT INTO eventConfig(eventName, notificationDescription, eventLevel, deviceTypeName, alarmName, createUser, updateUser, state) VALUES ("Event507","描述8","重要","智能电气","Breakdown3","曹青宇","","1");
INSERT INTO eventConfig(eventName, notificationDescription, eventLevel, deviceTypeName, alarmName, createUser, updateUser, state) VALUES ("Event508","描述9","普通","智能消防栓","Maintaining1","曹青宇","","1");
INSERT INTO eventConfig(eventName, notificationDescription, eventLevel, deviceTypeName, alarmName, createUser, updateUser, state) VALUES ("Event509","描述10","重要","智能消防栓","Exploring2","曹青宇","","1");
INSERT INTO eventConfig(eventName, notificationDescription, eventLevel, deviceTypeName, alarmName, createUser, updateUser, state) VALUES ("Event510","描述11","普通","智能烟感","Maintaining2","曹青宇","","1");
INSERT INTO eventConfig(eventName, notificationDescription, eventLevel, deviceTypeName, alarmName, createUser, updateUser, state) VALUES ("Event511","描述12","重要","智能烟感","Removing3","曹青宇","","1");
INSERT INTO eventConfig(eventName, notificationDescription, eventLevel, deviceTypeName, alarmName, createUser, updateUser, state) VALUES ("Event512","描述13","普通","智能光伏","Exploring3","曹青宇","","1");
INSERT INTO eventConfig(eventName, notificationDescription, eventLevel, deviceTypeName, alarmName, createUser, updateUser, state) VALUES ("Event513","描述14","重要","智能光伏","Removing4","曹青宇","","1");

DROP TABLE IF EXISTS eventInfo;
CREATE TABLE eventInfo(eventInfoId INT UNSIGNED AUTO_INCREMENT PRIMARY KEY, eventName VARCHAR(40) NOT NULL, eventInfoStatus VARCHAR(40) NOT NULL, eventInfoResource VARCHAR(40) NOT NULL, alarmFrequencey INT NOT NULL, eventInfoOccurenceTime DATETIME NOT NULL, eventInfoDescription VARCHAR(40) NOT NULL,eventLevel VARCHAR(40) NOT NULL, deviceNumber VARCHAR(40) NOT NULL, deviceTypeName VARCHAR(40) NOT NULL, deviceStatus VARCHAR(40) NOT NULL, addressDescription VARCHAR(40) NOT NULL, installDate DATETIME NOT NULL, opinion VARCHAR(40) DEFAULT NULL, createTime TIMESTAMP NOT NULL DEFAULT CURRENT_TIMESTAMP, createUser VARCHAR(40) NOT NULL, updateTime TIMESTAMP NOT NULL DEFAULT CURRENT_TIMESTAMP ON UPDATE CURRENT_TIMESTAMP, updateUser VARCHAR(40) NULL, state VARCHAR(40) NOT NULL)DEFAULT charset utf8mb4 COLLATE utf8mb4_general_ci;
INSERT INTO eventInfo(eventName, eventInfoStatus, eventInfoResource, alarmFrequencey, eventInfoOccurenceTime, eventInfoDescription, eventLevel, deviceNumber,deviceTypeName,deviceStatus,addressDescription,installDate,createUser,updateUser,state) VALUES ("Event500","处理中","来源1",2,"2020-10-01 15:00:00","事件描述1","普通","S_001","智能路灯","异常","Shanghai.China","2019-01-01 00:00:00","曹青宇","付致宁","1");
INSERT INTO eventInfo(eventName, eventInfoStatus, eventInfoResource, alarmFrequencey, eventInfoOccurenceTime, eventInfoDescription, eventLevel, deviceNumber,deviceTypeName,deviceStatus,addressDescription,installDate,createUser,updateUser,state) VALUES ("Event500","未处理","来源1",2,"2020-10-04 15:00:00","事件描述1","普通","S_007","智能路灯","异常","Shanghai.China","2019-01-01 00:00:00","曹青宇","","1");
INSERT INTO eventInfo(eventName, eventInfoStatus, eventInfoResource, alarmFrequencey, eventInfoOccurenceTime, eventInfoDescription, eventLevel, deviceNumber,deviceTypeName,deviceStatus,addressDescription,installDate,createUser,updateUser,state) VALUES ("Event501","处理中","来源1",2,"2020-10-09 15:00:00","事件描述1","重要","S_006","智能路灯","异常","Shanghai.China","2019-01-01 00:00:00","曹青宇","马包威","1");
INSERT INTO eventInfo(eventName, eventInfoStatus, eventInfoResource, alarmFrequencey, eventInfoOccurenceTime, eventInfoDescription, eventLevel, deviceNumber,deviceTypeName,deviceStatus,addressDescription,installDate,opinion,createUser,updateUser,state) VALUES ("Event501","已处理","来源1",2,"2020-10-15 15:00:00","事件描述1","重要","S_008","智能路灯","正常","Shanghai.China","2019-01-01 00:00:00","处理意见","曹青宇","杨思源","1");
INSERT INTO eventInfo(eventName, eventInfoStatus, eventInfoResource, alarmFrequencey, eventInfoOccurenceTime, eventInfoDescription, eventLevel, deviceNumber,deviceTypeName,deviceStatus,addressDescription,installDate,createUser,updateUser,state) VALUES ("Event502","处理中","来源1",2,"2020-10-20 15:00:00","事件描述1","普通","S_002","智能燃气","异常","Shanghai.China","2019-01-01 00:00:00","曹青宇","刘赣","1");
INSERT INTO eventInfo(eventName, eventInfoStatus, eventInfoResource, alarmFrequencey, eventInfoOccurenceTime, eventInfoDescription, eventLevel, deviceNumber,deviceTypeName,deviceStatus,addressDescription,installDate,createUser,updateUser,state) VALUES ("Event502","未处理","来源1",2,"2020-10-28 15:00:00","事件描述1","普通","S_011","智能燃气","异常","Shanghai.China","2019-01-01 00:00:00","曹青宇","","1");
INSERT INTO eventInfo(eventName, eventInfoStatus, eventInfoResource, alarmFrequencey, eventInfoOccurenceTime, eventInfoDescription, eventLevel, deviceNumber,deviceTypeName,deviceStatus,addressDescription,installDate,opinion,createUser,updateUser,state) VALUES ("Event504","已处理","来源1",2,"2021-01-01 15:00:00","事件描述1","普通","S_017","智能井盖","正常","Shanghai.China","2019-01-01 00:00:00","处理意见","曹青宇","李乐奇","1");
INSERT INTO eventInfo(eventName, eventInfoStatus, eventInfoResource, alarmFrequencey, eventInfoOccurenceTime, eventInfoDescription, eventLevel, deviceNumber,deviceTypeName,deviceStatus,addressDescription,installDate,createUser,updateUser,state) VALUES ("Event503","处理中","来源1",2,"2021-01-28 15:00:00","事件描述1","重要","S_010","智能燃气","异常","Shanghai.China","2019-01-01 00:00:00","曹青宇","肖奎","1");
INSERT INTO eventInfo(eventName, eventInfoStatus, eventInfoResource, alarmFrequencey, eventInfoOccurenceTime, eventInfoDescription, eventLevel, deviceNumber,deviceTypeName,deviceStatus,addressDescription,installDate,createUser,updateUser,state) VALUES ("Event506","未处理","来源1",2,"2021-02-10 15:00:00","事件描述1","普通","S_018","智能电气","异常","Shanghai.China","2019-01-01 00:00:00","曹青宇","","1");
INSERT INTO eventInfo(eventName, eventInfoStatus, eventInfoResource, alarmFrequencey, eventInfoOccurenceTime, eventInfoDescription, eventLevel, deviceNumber,deviceTypeName,deviceStatus,addressDescription,installDate,createUser,updateUser,state) VALUES ("Event509","未处理","来源1",2,"2021-03-02 15:00:00","事件描述1","重要","S_023","智能消防栓","异常","Shanghai.China","2019-01-01 00:00:00","曹青宇","","1");
INSERT INTO eventInfo(eventName, eventInfoStatus, eventInfoResource, alarmFrequencey, eventInfoOccurenceTime, eventInfoDescription, eventLevel, deviceNumber,deviceTypeName,deviceStatus,addressDescription,installDate,createUser,updateUser,state) VALUES ("Event512","处理中","来源1",2,"2021-03-11 15:00:00","事件描述1","普通","S_033","智能光伏","异常","Shanghai.China","2019-01-01 00:00:00","曹青宇","谢熙鹏","1");
INSERT INTO eventInfo(eventName, eventInfoStatus, eventInfoResource, alarmFrequencey, eventInfoOccurenceTime, eventInfoDescription, eventLevel, deviceNumber,deviceTypeName,deviceStatus,addressDescription,installDate,opinion,createUser,updateUser,state) VALUES ("Event509","已处理","来源1",2,"2021-03-28 15:00:00","事件描述1","重要","S_024","智能消防栓","正常","Shanghai.China","2019-01-01 00:00:00","处理意见","曹青宇","刘赣","1");
INSERT INTO eventInfo(eventName, eventInfoStatus, eventInfoResource, alarmFrequencey, eventInfoOccurenceTime, eventInfoDescription, eventLevel, deviceNumber,deviceTypeName,deviceStatus,addressDescription,installDate,opinion,createUser,updateUser,state) VALUES ("Event510","已处理","来源1",2,"2021-04-15 15:00:00","事件描述1","普通","S_028","智能烟感","正常","Shanghai.China","2019-01-01 00:00:00","处理意见","曹青宇","肖奎","1");
INSERT INTO eventInfo(eventName, eventInfoStatus, eventInfoResource, alarmFrequencey, eventInfoOccurenceTime, eventInfoDescription, eventLevel, deviceNumber,deviceTypeName,deviceStatus,addressDescription,installDate,opinion,createUser,updateUser,state) VALUES ("Event513","已处理","来源1",2,"2021-05-07 15:00:00","事件描述1","重要","S_035","智能光伏","正常","Shanghai.China","2019-01-01 00:00:00","处理意见","曹青宇","付致宁","1");
INSERT INTO eventInfo(eventName, eventInfoStatus, eventInfoResource, alarmFrequencey, eventInfoOccurenceTime, eventInfoDescription, eventLevel, deviceNumber,deviceTypeName,deviceStatus,addressDescription,installDate,createUser,updateUser,state) VALUES ("Event506","处理中","来源1",2,"2021-05-18 15:00:00","事件描述1","普通","S_020","智能电气","异常","Shanghai.China","2019-01-01 00:00:00","曹青宇","李乐奇","1");
INSERT INTO eventInfo(eventName, eventInfoStatus, eventInfoResource, alarmFrequencey, eventInfoOccurenceTime, eventInfoDescription, eventLevel, deviceNumber,deviceTypeName,deviceStatus,addressDescription,installDate,createUser,updateUser,state) VALUES ("Event511","未处理","来源1",2,"2021-06-06 15:00:00","事件描述1","重要","S_026","智能烟感","异常","Shanghai.China","2019-01-01 00:00:00","曹青宇","","1");
INSERT INTO eventInfo(eventName, eventInfoStatus, eventInfoResource, alarmFrequencey, eventInfoOccurenceTime, eventInfoDescription, eventLevel, deviceNumber,deviceTypeName,deviceStatus,addressDescription,installDate,createUser,updateUser,state) VALUES ("Event508","处理中","来源1",2,"2021-06-15 15:00:00","事件描述1","普通","S_022","智能消防栓","异常","Shanghai.China","2019-01-01 00:00:00","曹青宇","曹青宇","1");
INSERT INTO eventInfo(eventName, eventInfoStatus, eventInfoResource, alarmFrequencey, eventInfoOccurenceTime, eventInfoDescription, eventLevel, deviceNumber,deviceTypeName,deviceStatus,addressDescription,installDate,opinion,createUser,updateUser,state) VALUES ("Event500","已处理","来源1",2,"2021-06-22 15:00:00","事件描述1","普通","S_008","智能路灯","正常","Shanghai.China","2019-01-01 00:00:00","处理意见","曹青宇","马包威","1");
INSERT INTO eventInfo(eventName, eventInfoStatus, eventInfoResource, alarmFrequencey, eventInfoOccurenceTime, eventInfoDescription, eventLevel, deviceNumber,deviceTypeName,deviceStatus,addressDescription,installDate,createUser,updateUser,state) VALUES ("Event507","处理中","来源1",2,"2021-07-01 15:00:00","事件描述1","重要","S_019","智能电气","异常","Shanghai.China","2019-01-01 00:00:00","曹青宇","肖奎","1");
INSERT INTO eventInfo(eventName, eventInfoStatus, eventInfoResource, alarmFrequencey, eventInfoOccurenceTime, eventInfoDescription, eventLevel, deviceNumber,deviceTypeName,deviceStatus,addressDescription,installDate,createUser,updateUser,state) VALUES ("Event509","未处理","来源1",2,"2021-07-07 15:00:00","事件描述1","重要","S_025","智能消防栓","异常","Shanghai.China","2019-01-01 00:00:00","曹青宇","","1");
INSERT INTO eventInfo(eventName, eventInfoStatus, eventInfoResource, alarmFrequencey, eventInfoOccurenceTime, eventInfoDescription, eventLevel, deviceNumber,deviceTypeName,deviceStatus,addressDescription,installDate,createUser,updateUser,state) VALUES ("Event504","处理中","来源1",2,"2021-08-04 15:00:00","事件描述1","普通","S_016","智能井盖","异常","Shanghai.China","2019-01-01 00:00:00","曹青宇","马包威","1");
INSERT INTO eventInfo(eventName, eventInfoStatus, eventInfoResource, alarmFrequencey, eventInfoOccurenceTime, eventInfoDescription, eventLevel, deviceNumber,deviceTypeName,deviceStatus,addressDescription,installDate,createUser,updateUser,state) VALUES ("Event503","未处理","来源1",2,"2021-08-11 15:00:00","事件描述1","重要","S_012","智能燃气","异常","Shanghai.China","2019-01-01 00:00:00","曹青宇","","1");
INSERT INTO eventInfo(eventName, eventInfoStatus, eventInfoResource, alarmFrequencey, eventInfoOccurenceTime, eventInfoDescription, eventLevel, deviceNumber,deviceTypeName,deviceStatus,addressDescription,installDate,createUser,updateUser,state) VALUES ("Event501","处理中","来源1",2,"2021-08-17 15:00:00","事件描述1","重要","S_007","智能路灯","异常","Shanghai.China","2019-01-01 00:00:00","曹青宇","李乐奇","1");
INSERT INTO eventInfo(eventName, eventInfoStatus, eventInfoResource, alarmFrequencey, eventInfoOccurenceTime, eventInfoDescription, eventLevel, deviceNumber,deviceTypeName,deviceStatus,addressDescription,installDate,createUser,updateUser,state) VALUES ("Event510","处理中","来源1",2,"2021-08-28 15:00:00","事件描述1","普通","S_030","智能烟感","异常","Shanghai.China","2019-01-01 00:00:00","曹青宇","杨思源","1");
INSERT INTO eventInfo(eventName, eventInfoStatus, eventInfoResource, alarmFrequencey, eventInfoOccurenceTime, eventInfoDescription, eventLevel, deviceNumber,deviceTypeName,deviceStatus,addressDescription,installDate,createUser,updateUser,state) VALUES ("Event507","未处理","来源1",2,"2021-10-01 15:00:00","事件描述1","重要","S_018","智能电气","异常","Shanghai.China","2019-01-01 00:00:00","曹青宇","","1");
INSERT INTO eventInfo(eventName, eventInfoStatus, eventInfoResource, alarmFrequencey, eventInfoOccurenceTime, eventInfoDescription, eventLevel, deviceNumber,deviceTypeName,deviceStatus,addressDescription,installDate,opinion,createUser,updateUser,state) VALUES ("Event513","已处理","来源1",2,"2021-10-07 15:00:00","事件描述1","重要","S_034","智能光伏","正常","Shanghai.China","2019-01-01 00:00:00","处理意见","曹青宇","马包威","1");
INSERT INTO eventInfo(eventName, eventInfoStatus, eventInfoResource, alarmFrequencey, eventInfoOccurenceTime, eventInfoDescription, eventLevel, deviceNumber,deviceTypeName,deviceStatus,addressDescription,installDate,opinion,createUser,updateUser,state) VALUES ("Event502","已处理","来源1",2,"2021-10-11 15:00:00","事件描述1","普通","S_010","智能燃气","正常","Shanghai.China","2019-01-01 00:00:00","处理意见","曹青宇","谢熙鹏","1");
INSERT INTO eventInfo(eventName, eventInfoStatus, eventInfoResource, alarmFrequencey, eventInfoOccurenceTime, eventInfoDescription, eventLevel, deviceNumber,deviceTypeName,deviceStatus,addressDescription,installDate,createUser,updateUser,state) VALUES ("Event501","处理中","来源1",2,"2021-10-25 15:00:00","事件描述1","重要","S_007","智能路灯","异常","Shanghai.China","2019-01-01 00:00:00","曹青宇","付致宁","1");
INSERT INTO eventInfo(eventName, eventInfoStatus, eventInfoResource, alarmFrequencey, eventInfoOccurenceTime, eventInfoDescription, eventLevel, deviceNumber,deviceTypeName,deviceStatus,addressDescription,installDate,createUser,updateUser,state) VALUES ("Event507","处理中","来源1",2,"2021-11-01 15:00:00","事件描述1","重要","S_019","智能电气","异常","Shanghai.China","2019-01-01 00:00:00","曹青宇","刘赣","1");
INSERT INTO eventInfo(eventName, eventInfoStatus, eventInfoResource, alarmFrequencey, eventInfoOccurenceTime, eventInfoDescription, eventLevel, deviceNumber,deviceTypeName,deviceStatus,addressDescription,installDate,createUser,updateUser,state) VALUES ("Event501","未处理","来源1",2,"2021-11-24 15:00:00","事件描述1","重要","S_008","智能路灯","异常","Shanghai.China","2019-01-01 00:00:00","曹青宇","","1");

DROP TABLE IF EXISTS eventLog;
CREATE TABLE eventLog(eventInfoId VARCHAR(40) NOT NULL, date TIMESTAMP NOT NULL DEFAULT CURRENT_TIMESTAMP, processStatus VARCHAR(40) NOT NULL, staff VARCHAR(40) DEFAULT NULL, action VARCHAR(40) NOT NULL)DEFAULT charset utf8mb4 COLLATE utf8mb4_general_ci;
INSERT INTO eventLog(eventInfoId, processStatus, staff, action) VALUES (1,"未处理","","事件产生");
INSERT INTO eventLog(eventInfoId, processStatus, staff, action) VALUES (1,"处理中","付致宁","事件接单");
INSERT INTO eventLog(eventInfoId, processStatus, staff, action) VALUES (2,"未处理","","事件产生");
INSERT INTO eventLog(eventInfoId, processStatus, staff, action) VALUES (3,"未处理","","事件产生");
INSERT INTO eventLog(eventInfoId, processStatus, staff, action) VALUES (3,"处理中","马包威","事件接单");
INSERT INTO eventLog(eventInfoId, processStatus, staff, action) VALUES (4,"未处理","","事件产生");
INSERT INTO eventLog(eventInfoId, processStatus, staff, action) VALUES (4,"处理中","杨思源","事件接单");
INSERT INTO eventLog(eventInfoId, processStatus, staff, action) VALUES (4,"已处理","杨思源","事件处理");
INSERT INTO eventLog(eventInfoId, processStatus, staff, action) VALUES (5,"未处理","","事件产生");
INSERT INTO eventLog(eventInfoId, processStatus, staff, action) VALUES (5,"处理中","刘赣","事件接单");
INSERT INTO eventLog(eventInfoId, processStatus, staff, action) VALUES (6,"未处理","","事件产生");
INSERT INTO eventLog(eventInfoId, processStatus, staff, action) VALUES (7,"未处理","","事件产生");
INSERT INTO eventLog(eventInfoId, processStatus, staff, action) VALUES (7,"处理中","李乐奇","事件接单");
INSERT INTO eventLog(eventInfoId, processStatus, staff, action) VALUES (7,"已处理","李乐奇","事件处理");
INSERT INTO eventLog(eventInfoId, processStatus, staff, action) VALUES (8,"未处理","","事件产生");
INSERT INTO eventLog(eventInfoId, processStatus, staff, action) VALUES (8,"处理中","肖奎","事件接单");
INSERT INTO eventLog(eventInfoId, processStatus, staff, action) VALUES (9,"未处理","","事件产生");
INSERT INTO eventLog(eventInfoId, processStatus, staff, action) VALUES (10,"未处理","","事件产生");
INSERT INTO eventLog(eventInfoId, processStatus, staff, action) VALUES (11,"未处理","","事件产生");
INSERT INTO eventLog(eventInfoId, processStatus, staff, action) VALUES (11,"处理中","谢熙鹏","事件接单");
INSERT INTO eventLog(eventInfoId, processStatus, staff, action) VALUES (12,"未处理","","事件产生");
INSERT INTO eventLog(eventInfoId, processStatus, staff, action) VALUES (12,"处理中","刘赣","事件接单");
INSERT INTO eventLog(eventInfoId, processStatus, staff, action) VALUES (12,"已处理","刘赣","事件处理");
INSERT INTO eventLog(eventInfoId, processStatus, staff, action) VALUES (13,"未处理","","事件产生");
INSERT INTO eventLog(eventInfoId, processStatus, staff, action) VALUES (13,"处理中","肖奎","事件接单");
INSERT INTO eventLog(eventInfoId, processStatus, staff, action) VALUES (13,"已处理","肖奎","事件处理");
INSERT INTO eventLog(eventInfoId, processStatus, staff, action) VALUES (14,"未处理","","事件产生");
INSERT INTO eventLog(eventInfoId, processStatus, staff, action) VALUES (14,"处理中","谢熙鹏","事件接单");
INSERT INTO eventLog(eventInfoId, processStatus, staff, action) VALUES (14,"已处理","谢熙鹏","事件处理");
INSERT INTO eventLog(eventInfoId, processStatus, staff, action) VALUES (15,"未处理","","事件产生");
INSERT INTO eventLog(eventInfoId, processStatus, staff, action) VALUES (15,"处理中","李乐奇","事件接单");
INSERT INTO eventLog(eventInfoId, processStatus, staff, action) VALUES (16,"未处理","","事件产生");
INSERT INTO eventLog(eventInfoId, processStatus, staff, action) VALUES (17,"未处理","","事件产生");
INSERT INTO eventLog(eventInfoId, processStatus, staff, action) VALUES (17,"处理中","曹青宇","事件接单");
INSERT INTO eventLog(eventInfoId, processStatus, staff, action) VALUES (18,"未处理","","事件产生");
INSERT INTO eventLog(eventInfoId, processStatus, staff, action) VALUES (18,"处理中","马包威","事件接单");
INSERT INTO eventLog(eventInfoId, processStatus, staff, action) VALUES (18,"已处理","马包威","事件处理");
INSERT INTO eventLog(eventInfoId, processStatus, staff, action) VALUES (19,"未处理","","事件产生");
INSERT INTO eventLog(eventInfoId, processStatus, staff, action) VALUES (19,"处理中","肖奎","事件接单");
INSERT INTO eventLog(eventInfoId, processStatus, staff, action) VALUES (20,"未处理","","事件产生");
INSERT INTO eventLog(eventInfoId, processStatus, staff, action) VALUES (21,"未处理","","事件产生");
INSERT INTO eventLog(eventInfoId, processStatus, staff, action) VALUES (21,"处理中","马包威","事件接单");
INSERT INTO eventLog(eventInfoId, processStatus, staff, action) VALUES (22,"未处理","","事件产生");
INSERT INTO eventLog(eventInfoId, processStatus, staff, action) VALUES (23,"未处理","","事件产生");
INSERT INTO eventLog(eventInfoId, processStatus, staff, action) VALUES (23,"处理中","李乐奇","事件接单");
INSERT INTO eventLog(eventInfoId, processStatus, staff, action) VALUES (24,"未处理","","事件产生");
INSERT INTO eventLog(eventInfoId, processStatus, staff, action) VALUES (24,"处理中","杨思源","事件接单");
INSERT INTO eventLog(eventInfoId, processStatus, staff, action) VALUES (25,"未处理","","事件产生");
INSERT INTO eventLog(eventInfoId, processStatus, staff, action) VALUES (26,"未处理","","事件产生");
INSERT INTO eventLog(eventInfoId, processStatus, staff, action) VALUES (26,"处理中","马包威","事件接单");
INSERT INTO eventLog(eventInfoId, processStatus, staff, action) VALUES (26,"已处理","马包威","事件处理");
INSERT INTO eventLog(eventInfoId, processStatus, staff, action) VALUES (27,"未处理","","事件产生");
INSERT INTO eventLog(eventInfoId, processStatus, staff, action) VALUES (27,"处理中","谢熙鹏","事件接单");
INSERT INTO eventLog(eventInfoId, processStatus, staff, action) VALUES (27,"已处理","谢熙鹏","事件处理");
INSERT INTO eventLog(eventInfoId, processStatus, staff, action) VALUES (28,"未处理","","事件产生");
INSERT INTO eventLog(eventInfoId, processStatus, staff, action) VALUES (28,"处理中","付致宁","事件接单");
INSERT INTO eventLog(eventInfoId, processStatus, staff, action) VALUES (29,"未处理","","事件产生");
INSERT INTO eventLog(eventInfoId, processStatus, staff, action) VALUES (29,"处理中","刘赣","事件接单");
INSERT INTO eventLog(eventInfoId, processStatus, staff, action) VALUES (30,"未处理","","事件产生");

DROP TABLE IF EXISTS user;
create table user(userId VARCHAR(40) NOT NULL PRIMARY KEY, userName VARCHAR(40) NOT NULL, userAccount VARCHAR(40) NOT NULL UNIQUE, userPassword VARCHAR(40) NOT NULL, userEmail VARCHAR(40) NULL, userJobNumber VARCHAR(40) NOT NULL UNIQUE, userPhone VARCHAR(40) NOT NULL)default charset utf8mb4 collate utf8mb4_general_ci;
INSERT INTO user(userId, userName, userAccount, userPassword, userEmail, userJobNumber, userPhone) VALUES (REPLACE(UUID(),"-",""),"曹青宇","cqy","caoqingyu","1234@qq.com","71000000","18900001111");
INSERT INTO user(userId, userName, userAccount, userPassword, userEmail, userJobNumber, userPhone) VALUES (REPLACE(UUID(),"-",""),"李乐奇","llq","lileqi","1234@qq.com","71000001","18900001112");
INSERT INTO user(userId, userName, userAccount, userPassword, userEmail, userJobNumber, userPhone) VALUES (REPLACE(UUID(),"-",""),"马包威","mbw","mabaowei","1234@qq.com","71000002","18900001113");
INSERT INTO user(userId, userName, userAccount, userPassword, userEmail, userJobNumber, userPhone) VALUES (REPLACE(UUID(),"-",""),"谢熙鹏","xxp","xiexipeng","1234@qq.com","71000003","18900001114");
INSERT INTO user(userId, userName, userAccount, userPassword, userEmail, userJobNumber, userPhone) VALUES (REPLACE(UUID(),"-",""),"刘赣","lg","liugan","1234@qq.com","71000004","18900001115");
INSERT INTO user(userId, userName, userAccount, userPassword, userEmail, userJobNumber, userPhone) VALUES (REPLACE(UUID(),"-",""),"杨思源","ysy","yangsiyuan","1234@qq.com","71000005","18900001116");
INSERT INTO user(userId, userName, userAccount, userPassword, userEmail, userJobNumber, userPhone) VALUES (REPLACE(UUID(),"-",""),"肖奎","xk","xiaokui","1234@qq.com","71000006","18900001117");
INSERT INTO user(userId, userName, userAccount, userPassword, userEmail, userJobNumber, userPhone) VALUES (REPLACE(UUID(),"-",""),"付致宁","fzn","fuzhining","1234@qq.com","71000007","18900001118");
